Player Name 	 Team 	 Position 	 ECR 	 Best Rank 	 Worst Rank 	 Ave Rank 	 Std Dev 	 ADP 	 				
Miguel Cabrera	DET	3B	1	1	8	1.9	1.1	1	 				
Ryan Braun	MIL	LF	2	1	4	2	0.9	3	 				
Mike Trout	LAA	LF	CF	3	1	7	2.5	1.3	2	 			
Robinson Cano	NYY	2B	4	3	13	5.4	2	4	 				
Matt Kemp	LAD	CF	5	1	15	5.9	2.6	5	 				
Albert Pujols	LAA	1B	DH	6	3	13	7.5	2.1	6	 			
Joey Votto	CIN	1B	7	4	31	7.5	3.9	8	 				
Andrew McCutchen	PIT	CF	8	3	25	8	4	7	 				
Prince Fielder	DET	1B	9	4	24	9.8	4.2	11	 				
Carlos Gonzalez	COL	LF	10	3	25	9.9	3.7	9	 				
Justin Verlander	DET	SP	11	6	26	12.9	3.7	10	 				
Clayton Kershaw	LAD	SP	12	7	39	14.6	5.8	12	 				
Giancarlo Stanton	MIA	RF	13	7	74	15.8	10.9	14	 				
Jose Bautista	TOR	RF	LF	14	8	41	16.4	6.7	16	 			
Troy Tulowitzki	COL	SS	15	9	39	17.1	5.5	13	 				
Josh Hamilton	LAA	LF	CF	16	6	34	18.3	6.1	17	 			
Stephen Strasburg	WSH	SP	17	10	32	19.2	5.6	18	 				
Adrian Beltre	TEX	3B	DH	18	13	31	19.2	4.3	20	 			
Evan Longoria	TB	3B	DH	19	12	86	21.9	10.1	22	 			
Justin Upton	ATL	RF	20	6	87	22.2	12.7	19	 				
Jose Reyes	TOR	SS	21	12	41	22.9	6.3	21	 				
David Price	TB	SP	22	12	42	24.3	6.8	24	 				
Dustin Pedroia	BOS	2B	23	16	54	26.9	7.2	25	 				
David Wright	NYM	3B	24	5	101	28.1	15.3	26	 				
Ian Kinsler	TEX	2B	25	17	60	28.6	8.7	28	 				
Edwin Encarnacion	TOR	1B	DH	26	11	50	28.8	8.5	30	 			
Jason Heyward	ATL	RF	27	13	99	29	12.8	29	 				
Felix Hernandez	SEA	SP	28	12	81	29.4	11.2	27	 				
Bryce Harper	WSH	LF	CF	RF	29	10	102	30.4	14	23	 		
Buster Posey	SF	C	1B	30	11	82	31	13.5	15	 			
Adam Jones	BAL	CF	31	10	54	32.1	8.5	31	 				
Cole Hamels	PHI	SP	32	14	66	33.6	8.6	32	 				
Adrian Gonzalez	LAD	1B	RF	33	16	67	35.6	11.2	33	 			
Matt Cain	SF	SP	34	19	58	35.6	7.5	38	 				
Cliff Lee	PHI	SP	35	10	58	36.9	8.1	34	 				
Jay Bruce	CIN	RF	36	23	105	38.9	12.5	35	 				
Starlin Castro	CHC	SS	37	23	76	39.1	12.7	36	 				
Matt Holliday	STL	LF	38	20	80	39.6	9.7	47	 				
Jacoby Ellsbury	BOS	CF	39	13	79	40.5	12.1	40	 				
Yoenis Cespedes	OAK	LF	CF	DH	40	14	128	40.9	16.7	43	 		
Ryan Zimmerman	WSH	3B	41	15	140	43.7	19.8	42	 				
Billy Butler	KC	1B	DH	42	17	75	44.9	11.4	44	 			
Jered Weaver	LAA	SP	43	20	82	45.9	14.1	39	 				
Paul Goldschmidt	ARI	1B	44	19	86	48.7	15.3	46	 				
Madison Bumgarner	SF	SP	45	22	87	50	11.3	54	 				
B.J. Upton	ATL	CF	46	27	123	50.7	16	49	 				
Allen Craig	STL	1B	LF	RF	47	28	92	51.6	13.9	45	 		
Gio Gonzalez	WSH	SP	48	15	90	51.9	12.7	52	 				
CC Sabathia	NYY	SP	49	22	89	52.2	12	55	 				
Craig Kimbrel	ATL	RP	50	27	90	53.7	11.8	37	 				
Adam Wainwright	STL	SP	51	37	89	53.8	11.3	50	 				
R.A. Dickey	TOR	SP	52	26	104	56.4	16.1	58	 				
Yu Darvish	TEX	SP	53	27	107	57.3	15.5	51	 				
Ben Zobrist	TB	2B	SS	RF	54	29	120	57.3	17	57	 		
Chris Sale	CWS	SP	55	31	96	59.6	12.7	63	 				
Zack Greinke	LAD	SP	56	31	192	61.3	26.6	61	 				
Aramis Ramirez	MIL	3B	57	32	99	61.4	13.1	66	 				
Brandon Phillips	CIN	2B	58	28	134	62.5	17.9	62	 				
Ian Desmond	WSH	SS	59	29	162	65.1	19.6	65	 				
Jason Kipnis	CLE	2B	60	32	133	66.8	18.1	59	 				
Freddie Freeman	ATL	1B	61	37	99	67.6	14	68	 				
Joe Mauer	MIN	C	1B	DH	62	32	114	68.3	19.8	48	 		
Johnny Cueto	CIN	SP	63	42	118	69.5	15.3	71	 				
Aaron Hill	ARI	2B	64	24	97	69.5	14.5	70	 				
Max Scherzer	DET	SP	65	35	114	70.6	17.7	74	 				
Mat Latos	CIN	SP	66	38	125	71.5	16.5	83	 				
Jimmy Rollins	PHI	SS	67	41	150	73.4	23	75	 				
Alex Rios	CWS	RF	CF	68	46	106	73.8	11.7	79	 			
Brett Lawrie	TOR	3B	69	26	191	74.1	29.6	87	 				
Shin-Soo Choo	CIN	RF	70	34	155	74.6	21	85	 				
Pablo Sandoval	SF	3B	71	31	212	76.1	29.4	97	 				
Elvis Andrus	TEX	SS	72	31	221	76.8	24.4	92	 				
Michael Bourn	CLE	CF	73	45	227	77.1	28.7	67	 				
Desmond Jennings	TB	LF	CF	74	38	160	77.3	20.9	78	 			
James Shields	KC	SP	75	13	109	77.7	16.5	73	 				
Carlos Santana	CLE	C	1B	DH	76	39	120	75.8	18.6	56	 		
Kris Medlen	ATL	SP	RP	77	27	145	80.9	21.6	72	 			
Yadier Molina	STL	C	78	45	176	82.2	25.2	53	 				
Alex Gordon	KC	LF	79	41	246	82.7	32.2	76	 				
Yovani Gallardo	MIL	SP	80	51	140	83.5	17.3	88	 				
Jordan Zimmermann	WSH	SP	81	36	211	85	23.4	93	 				
Aroldis Chapman	CIN	SP	RP	82	31	184	85.4	26.5	82	 			
Anthony Rizzo	CHC	1B	83	39	168	86.1	21.5	81	 				
Asdrubal Cabrera	CLE	SS	84	35	151	86.4	19.5	98	 				
Austin Jackson	DET	CF	85	40	220	83.3	30.6	89	 				
Jose Altuve	HOU	2B	86	46	168	90.2	23.2	86	 				
Chase Headley	SD	3B	87	39	189	90.7	33.2	64	 				
Matt Moore	TB	SP	88	49	178	90.8	20.1	99	 				
Matt Wieters	BAL	C	89	48	142	87.8	20.1	60	 				
Hanley Ramirez	LAD	3B	SS	90	17	192	88.1	41	41	 			
Jonathan Papelbon	PHI	RP	91	44	141	93.4	17.1	69	 				
Victor Martinez	DET	C	DH	92	41	165	94.7	21.6	95	 			
Ike Davis	NYM	1B	93	49	166	95	20.8	109	 				
Eric Hosmer	KC	1B	94	51	164	92.3	22.7	105	 				
Mark Trumbo	LAA	1B	3B	LF	RF	DH	95	34	202	97.4	34.1	80	 
Roy Halladay	PHI	SP	96	36	295	101.2	44.3	77	 				
Carlos Beltran	STL	CF	RF	97	54	163	101.3	24.8	115	 			
Martin Prado	ARI	2B	3B	SS	LF	98	25	229	101.5	35.7	112	 	
Paul Konerko	CWS	1B	DH	99	24	226	101.7	37.4	106	 			
Brandon Morrow	TOR	SP	100	81	188	106.9	16.5	114	 				
Ian Kennedy	ARI	SP	101	62	197	111	23	104	 				
Josh Johnson	TOR	SP	102	82	172	115	23.5	116	 				
David Freese	STL	3B	103	52	238	112.5	31.3	130	 				
Rickie Weeks	MIL	2B	104	50	190	113.1	27.4	124	 				
Nelson Cruz	TEX	RF	105	68	178	117.2	24.3	108	 				
Josh Willingham	MIN	LF	DH	106	79	166	115	20.1	107	 			
Curtis Granderson	NYY	CF	107	51	193	115.1	28.4	96	 				
David Ortiz	BOS	1B	DH	108	28	275	118.8	41.3	111	 			
Ryan Howard	PHI	1B	109	54	166	116.6	27.9	90	 				
Shane Victorino	BOS	LF	CF	110	79	180	116.7	18.8	113	 			
Wilin Rosario	COL	C	111	53	243	122.3	32.7	102	 				
Melky Cabrera	TOR	LF	RF	112	65	253	115.6	32.8	94	 			
Jake Peavy	CWS	SP	113	53	221	119.8	27.8	126	 				
Jeff Samardzija	CHC	SP	114	78	252	119.9	26.1	122	 				
Hunter Pence	SF	RF	115	71	245	119.9	29.2	120	 				
Doug Fister	DET	SP	116	60	207	121.4	26	135	 				
Jason Motte	STL	RP	117	40	290	122.2	43.7	84	 				
Carlos Gomez	MIL	CF	118	58	298	122.5	39.8	128	 				
Mariano Rivera	NYY	RP	119	89	213	123.7	23.8	101	 				
Chase Utley	PHI	2B	120	67	193	123.9	26.7	129	 				
Dan Haren	WSH	SP	121	54	188	127.3	26.6	118	 				
Fernando Rodney	TB	RP	122	83	237	128.1	27.3	91	 				
Jon Lester	BOS	SP	123	60	266	128.3	36.3	133	 				
Mike Napoli	BOS	C	1B	124	55	227	128.5	40.5	100	 			
Rafael Soriano	WSH	RP	125	91	227	131.9	24.4	103	 				
Miguel Montero	ARI	C	126	76	211	129.8	29.3	117	 				
Joe Nathan	TEX	RP	127	78	182	130	20.1	110	 				
Carl Crawford	LAD	LF	128	81	259	130.6	34.3	141	 				
Hiroki Kuroda	NYY	SP	129	73	209	131.8	28.1	131	 				
Tim Lincecum	SF	SP	130	94	260	134.6	31.6	134	 				
Adam LaRoche	WSH	1B	131	66	233	134.7	31.7	144	 				
Will Middlebrooks	BOS	3B	132	62	250	135.3	37.2	145	 				
Salvador Perez	KC	C	133	85	287	136.7	36.7	139	 				
C.J. Wilson	LAA	SP	134	76	216	138.7	29.2	127	 				
J.J. Putz	ARI	RP	135	69	207	142.6	29.1	121	 				
Anibal Sanchez	DET	SP	136	95	275	143.6	30.6	152	 				
Chris Davis	BAL	1B	LF	RF	DH	137	70	255	146.8	37.3	125	 	
Mike Moustakas	KC	3B	138	69	283	143	38.1	147	 				
Sergio Romo	SF	RP	139	76	231	148	27.3	123	 				
Norichika Aoki	MIL	LF	CF	RF	140	94	228	148.9	31	159	 		
Andre Ethier	LAD	RF	141	86	223	149.3	25.9	153	 				
Neil Walker	PIT	2B	142	95	256	150.3	32.2	154	 				
Dan Uggla	ATL	2B	143	85	248	152.8	34.7	155	 				
Alejandro De Aza	CWS	LF	CF	144	99	252	153.1	33.7	143	 			
Angel Pagan	SF	CF	145	86	251	154.6	30.8	140	 				
Brett Gardner	NYY	LF	CF	146	99	228	155.4	30.9	182	 			
Matt Harvey	NYM	SP	147	77	267	153.1	34.5	164	 				
Michael Morse	SEA	LF	RF	148	72	223	156.1	29.3	160	 			
Jesus Montero	SEA	C	DH	149	108	237	156.5	36.2	142	 			
Pedro Alvarez	PIT	3B	150	92	269	156.8	33.2	148	 				
Derek Jeter	NYY	SS	DH	151	46	235	157.8	34.7	157	 			
Nick Markakis	BAL	RF	152	80	283	155.8	42.8	179	 				
Danny Espinosa	WSH	2B	SS	153	77	255	157.1	39.7	136	 			
Brett Anderson	OAK	SP	154	106	277	157.6	33.7	161	 				
Ben Revere	PHI	LF	CF	RF	155	114	229	161	23.6	151	 		
Jim Johnson	BAL	RP	156	81	275	161.4	31.7	119	 				
Erick Aybar	LAA	SS	157	77	259	161.8	35.1	174	 				
Lance Lynn	STL	SP	RP	158	94	287	162.2	39.7	166	 			
Greg Holland	KC	RP	159	75	217	162.6	25.3	138	 				
Nick Swisher	CLE	1B	RF	160	100	248	160.8	33.6	149	 			
Ichiro Suzuki	NYY	LF	CF	RF	161	70	232	163.7	31.3	189	 		
Huston Street	SD	RP	162	93	214	163.9	25.2	165	 				
Alcides Escobar	KC	SS	163	61	268	164	38.9	194	 				
Kendrys Morales	SEA	1B	DH	164	87	273	166.6	41	184	 			
John Axford	MIL	RP	165	75	227	167.5	24.5	132	 				
Jonathon Niese	NYM	SP	166	107	265	165.1	30.5	150	 				
Josh Reddick	OAK	CF	RF	LF	167	70	234	167.9	33.6	156	 		
Dexter Fowler	COL	CF	168	106	256	170	30.5	212	 				
Howie Kendrick	LAA	2B	169	86	260	171.6	35.5	186	 				
Kyle Seager	SEA	2B	3B	170	110	246	171.9	32.2	162	 			
Mike Minor	ATL	SP	171	120	267	169.5	31.5	168	 				
Todd Frazier	CIN	1B	3B	LF	172	65	246	173.4	44.3	200	 		
Joel Hanrahan	BOS	RP	173	106	253	174	30	137	 				
Jarrod Parker	OAK	SP	174	119	268	175	32.8	183	 				
Josh Rutledge	COL	2B	SS	175	91	300	173.8	46.5	198	 			
Jonathan Lucroy	MIL	C	176	107	266	177.5	35.9	163	 				
Torii Hunter	DET	RF	CF	177	98	267	178.8	35.3	172	 			
Brian McCann	ATL	C	178	114	275	171.2	42.8	176	 				
Michael Cuddyer	COL	1B	RF	179	85	257	177.8	40	222	 			
Adam Dunn	CWS	1B	LF	DH	180	101	275	182.1	39.7	187	 		
Mark Teixeira	NYY	1B	181	52	276	172.3	52	158	 				
Addison Reed	CWS	RP	182	123	286	182.6	33.9	169	 				
Tom Wilhelmsen	SEA	RP	183	97	292	178	37.8	146	 				
Coco Crisp	OAK	LF	CF	184	106	255	181.1	33.1	190	 			
Matt Garza	CHC	SP	185	90	289	179.3	42	229	 				
Homer Bailey	CIN	SP	186	111	282	184.4	37	170	 				
Justin Morneau	MIN	1B	DH	187	106	311	186.4	40.8	180	 			
J.J. Hardy	BAL	SS	188	92	275	188.7	34.4	192	 				
Ryan Vogelsong	SF	SP	189	109	257	191.1	30	175	 				
Manny Machado	BAL	3B	190	79	296	184.9	37.3	230	 				
Jeremy Hellickson	TB	SP	191	124	251	192.6	29.5	201	 				
Wade Miley	ARI	SP	192	141	312	194.1	33.6	193	 				
Jayson Werth	WSH	CF	RF	193	102	340	193.3	43	203	 			
Rafael Betancourt	COL	RP	194	97	271	194.6	32.3	171	 				
Jason Kubel	ARI	LF	195	119	273	197.3	35.4	202	 				
Jason Grilli	PIT	RP	196	118	294	198.4	35	177	 				
A.J. Burnett	PIT	SP	197	97	301	196.6	37.1	185	 				
Marco Estrada	MIL	SP	RP	198	120	291	196.5	37.6	208	 			
Corey Hart	MIL	1B	RF	199	100	329	200.1	54.7	219	 			
Chris Perez	CLE	RP	200	136	321	201.6	31.3	167	 				
A.J. Pierzynski	TEX	C	201	110	332	204.4	40.4	197	 				
Glen Perkins	MIN	RP	202	114	290	205	36.6	173	 				
Grant Balfour	OAK	RP	203	65	258	204.1	34.4	181	 				
Alexei Ramirez	CWS	SS	204	119	279	206.8	35.2	206	 				
Alfonso Soriano	CHC	LF	205	153	280	210.6	33.4	188	 				
Josh Beckett	LAD	SP	206	127	339	207.1	40.9	215	 				
Tim Hudson	ATL	SP	207	125	286	209.9	35.3	178	 				
Andrelton Simmons	ATL	SS	208	120	298	209.3	36.8	225	 				
Trevor Cahill	ARI	SP	209	132	296	211.4	32.2	210	 				
Lorenzo Cain	KC	CF	RF	210	131	360	216.1	44.2	224	 			
Kevin Youkilis	NYY	1B	3B	211	119	290	212.5	33.8	231	 			
Casey Janssen	TOR	RP	212	71	338	211	44.6	228	 				
Lance Berkman	TEX	1B	213	103	300	214	40.8	251	 				
Alexi Ogando	TEX	SP	RP	214	80	293	208.4	41	199	 			
Cameron Maybin	SD	CF	215	112	324	218.8	39.3	209	 				
Adam Eaton	ARI	CF	LF	216	90	383	218.7	49.6	233	 			
Dustin Ackley	SEA	1B	2B	217	124	297	221.9	38.8	207	 			
Ryan Dempster	BOS	SP	218	144	273	221.5	23.1	221	 				
Emilio Bonifacio	TOR	2B	CF	219	112	331	224	42.4	234	 			
Shaun Marcum	NYM	SP	220	130	291	223.3	32.4	249	 				
Steve Cishek	MIA	RP	221	121	335	228	37.7	196	 				
Derek Holland	TEX	SP	222	138	347	222.6	34.1	211	 				
Matt Harrison	TEX	SP	223	162	275	225	28.4	213	 				
Everth Cabrera	SD	2B	SS	224	131	293	227.1	41.4	253	 			
Kenley Jansen	LAD	RP	225	129	305	222.3	43.2	204	 				
Starling Marte	PIT	LF	CF	226	129	321	226.4	38.5	220	 			
Ryan Doumit	MIN	C	LF	RF	DH	227	120	309	226.2	40.3	191	 	
Dayan Viciedo	CWS	LF	RF	228	141	278	227.7	30.3	223	 			
Brandon Belt	SF	1B	229	139	355	228.6	47.2	265	 				
Marco Scutaro	SF	2B	3B	SS	230	136	291	228.4	40.4	205	 		
Michael Young	PHI	1B	2B	3B	DH	231	94	305	226.9	39.9	216	 	
Kyle Lohse	STL	SP	232	172	294	232.5	31.2	238	 				
Phil Hughes	NYY	SP	233	157	321	230	31	232	 				
Edwin Jackson	CHC	SP	234	129	328	236.4	35	247	 				
Ernesto Frieri	LAA	RP	235	149	319	236.9	42.2	218	 				
Brandon McCarthy	ARI	SP	236	133	343	236.9	34.3	258	 				
Brandon League	LAD	RP	237	130	310	235.9	36.2	214	 				
Alex Avila	DET	C	238	122	346	236.3	42.6	250	 				
Ryan Madson	LAA	RP	239	168	289	231.5	31.1	217	 				
Tommy Milone	OAK	SP	240	141	273	235.7	32.1	252	 				
A.J. Griffin	OAK	SP	241	114	325	228.2	36	287	 				
Colby Rasmus	TOR	CF	242	147	331	241	37.6	275	 				
Alex Cobb	TB	SP	243	165	306	242.9	37.7	245	 				
Mike Fiers	MIL	SP	244	111	392	239.8	55.5	239	 				
David Murphy	TEX	LF	RF	245	137	354	243.3	38.1	285	 			
Jedd Gyorko	SD	2B	246	124	478	247.6	68.6	267	 				
Trevor Plouffe	MIN	3B	RF	247	113	323	240.6	39.3	284	 			
Jaime Garcia	STL	SP	248	170	392	247.7	35.5	259	 				
Jonathan Broxton	CIN	RP	249	163	306	234.9	39	195	 				
Ryan Ludwick	CIN	LF	RF	250	86	327	247.5	42.2	227	 			
Garrett Jones	PIT	1B	RF	251	94	326	241.6	46.2	274	 			
Jed Lowrie	OAK	SS	252	157	309	247.7	29.9	281	 				
Clay Buchholz	BOS	SP	253	183	385	247.2	33.6	240	 				
Andy Pettitte	NYY	SP	254	139	326	244.4	39.9	254	 				
Juan Pierre	MIA	LF	CF	255	125	359	249.7	40.2	271	 			
Justin Ruggiano	MIA	LF	CF	RF	256	165	355	251.1	32.6	255	 		
Yonder Alonso	SD	1B	257	112	322	246.5	48.9	344	 				
Jean Segura	MIL	SS	258	171	340	250.1	42	272	 				
Wil Myers	TB	RF	259	160	362	253.5	46.6	243	 				
Denard Span	WSH	CF	260	150	319	251.3	36.2	269	 				
Wei-Yin Chen	BAL	SP	261	175	348	254.3	32.8	266	 				
Carlos Quentin	SD	LF	262	133	372	255.4	49.9	290	 				
Hisashi Iwakuma	SEA	SP	RP	263	165	307	247.9	35.4	235	 			
Zack Cozart	CIN	SS	264	148	309	254	33.1	309	 				
Daniel Murphy	NYM	1B	2B	265	142	331	241.3	44.4	270	 			
J.P. Arencibia	TOR	C	266	142	302	250.7	32.4	226	 				
Tommy Hanson	LAA	SP	267	176	367	255.8	36.3	278	 				
Mark Reynolds	CLE	1B	3B	268	103	326	253.3	41.1	256	 			
Carlos Ruiz	PHI	C	269	137	328	252.5	41.4	268	 				
Jason Hammel	BAL	SP	270	157	341	256.7	44.2	310	 				
Bobby Parnell	NYM	RP	271	200	307	250.8	31.2	241	 				
Johan Santana	NYM	SP	272	206	366	258.5	29.5	303	 				
Drew Stubbs	CLE	CF	273	128	297	257	31.1	339	 				
Jarrod Saltalamacchia	BOS	C	274	167	334	254.8	26.8	261	 				
Jon Jay	STL	CF	LF	275	172	376	257.6	37.4	277	 			
Carlos Marmol	CHC	RP	276	204	330	261.3	30.3	237	 				
Bruce Rondon	DET	RP	277	203	363	260.5	36	246	 				
James McDonald	PIT	SP	278	203	358	266.2	33.6	283	 				
Omar Infante	DET	2B	279	127	353	258	48.2	295	 				
Wandy Rodriguez	PIT	SP	280	193	346	265.6	31.3	264	 				
Leonys Martin	TEX	CF	LF	281	202	401	262.7	36.9	302	 			
Cody Ross	ARI	LF	RF	CF	282	164	322	265.5	31.6	380	 		
Chris Carter	HOU	1B	283	129	355	266.3	43.3	347	 				
Domonic Brown	PHI	LF	RF	284	169	377	265.9	45.7	242	 			
Logan Morrison	MIA	1B	LF	285	209	328	267.1	24.6	348	 			
Michael Saunders	SEA	LF	CF	286	146	338	266.5	37.6	236	 			
Jhonny Peralta	DET	SS	287	172	362	275.8	38.6	280	 				
Kelly Johnson	TB	2B	288	180	352	267.7	42.1	324	 				
Jurickson Profar	TEX	2B	289	183	502	276.3	57.5	349	 				
Shelby Miller	STL	RP	290	176	308	263.5	36.5	282	 				
Brandon Moss	OAK	1B	LF	RF	291	175	337	266.6	39.6	248	 		
Michael Brantley	CLE	CF	292	194	311	271.7	22	299	 				
Jose Veras	HOU	RP	293	101	333	265.6	45.4	291	 				
Aaron Hicks	MIN	LF	294	139	452	266.9	58.9	333	 				
Ricky Romero	TOR	SP	295	189	391	277.3	40.7	341	 				
Russell Martin	PIT	C	296	204	367	276.1	32.2	263	 				
Jason Vargas	LAA	SP	297	194	350	271.2	35.3	293	 				
Vinnie Pestano	CLE	RP	298	163	337	270.7	37	297	 				
Stephen Drew	BOS	SS	299	136	343	280.9	37.1	332	 				
Sergio Santos	TOR	RP	300	192	477	278.2	52.7	292	 				
Adam Lind	TOR	1B	DH	301	176	387	266.4	58.1	378	 			
Chris Young	OAK	CF	302	218	349	275.1	31	382	 				
Julio Teheran	ATL	P	SP	303	192	467	274.4	61.8	244	 			
Mitchell Boggs	STL	RP	304	113	435	250.8	80.7	316	 				
Tyler Colvin	COL	1B	LF	CF	RF	305	129	329	270.5	45.6	354	 	
Vance Worley	MIN	SP	306	175	374	277.9	39.8	306	 				
Kyuji Fujikawa	CHC	RP	307	211	362	280.7	37.4	257	 				
Jeff Niemann	TB	SP	308	190	353	274.8	33.1	388	 				
Hyun-Jin Ryu	LAD	SP	309	201	356	274.8	44.8	273	 				
Lonnie Chisenhall	CLE	3B	310	172	361	279.4	40.9	305	 				
Chris Tillman	BAL	SP	311	161	421	278	53.9	340	 				
Peter Bourjos	LAA	CF	312	151	390	279.8	44.5	325	 				
Matt Joyce	TB	LF	RF	313	196	388	282.6	32.7	359	 			
Trevor Bauer	CLE	SP	314	209	379	286.7	40	314	 				
Daniel Straily	OAK	SP	315	198	395	284.6	34.6	390	 				
Matt Carpenter	STL	1B	3B	RF	316	131	373	281.4	62.2	262	 		
Ryan Cook	OAK	RP	317	170	392	289.8	54.1	370	 				
Andrew Cashner	SD	SP	RP	318	218	338	278.1	34	307	 			
Paul Maholm	ATL	SP	319	206	393	293.2	46.4	276	 				
Hiroyuki Nakajima	OAK	SS	320	200	368	288.2	38.1	338	 				
Wade Davis	KC	RP	321	150	336	273.5	46.4	311	 				
Darin Mastroianni	MIN	LF	RF	CF	322	176	421	292.6	47.1	NR 	 		
Dillon Gee	NYM	SP	323	198	378	292.5	46.1	379	 				
David Robertson	NYY	RP	324	145	406	290.4	54.2	319	 				
Mitch Moreland	TEX	1B	325	171	402	280.3	63.9	395	 				
Gordon Beckham	CWS	2B	326	223	348	290	30.5	294	 				
Erasmo Ramirez	SEA	SP	RP	327	208	384	281	50.8	405	 			
Brian Wilson	SF	RP	328	220	370	280.8	46.2	336	 				
Jake McGee	TB	RP	329	173	372	277	52.8	NR 	 				
Yunel Escobar	TB	SS	330	220	391	294.6	37	337	 				
Chad Billingsley	LAD	SP	331	205	338	287.4	33.1	298	 				
Frank Francisco	NYM	RP	332	175	444	293.1	60.8	345	 				
Carlos Pena	HOU	1B	333	177	404	285.8	72.4	391	 				
Bud Norris	HOU	SP	334	130	431	297.2	70	384	 				
Alex Rodriguez	NYY	3B	DH	335	205	434	298.6	61.3	315	 			
Chris Carpenter	STL	SP	336	189	294	252.7	42.9	362	 				
Sean Marshall	CIN	RP	337	195	399	283.5	54.6	322	 				
Felix Doubront	BOS	SP	338	216	446	297.8	64.8	326	 				
Justin Smoak	SEA	1B	339	176	429	295.7	70.8	398	 				
Oscar Taveras	STL	CF	340	234	393	299.9	50.1	335	 				
Eduardo Nunez	NYY	3B	SS	341	159	443	323.4	88.2	372	 			
Tyler Clippard	WSH	RP	342	166	381	291.2	50.1	286	 				
Drew Storen	WSH	RP	343	200	369	293.8	44.6	288	 				
John Jaso	OAK	C	DH	344	237	322	289.9	24.8	357	 			
Mark Buehrle	TOR	SP	345	225	325	288.8	26.2	260	 				
Gavin Floyd	CWS	SP	346	180	432	298.1	50.3	381	 				
Nolan Arenado	COL	3B	347	204	325	269	40.6	392	 				
Edinson Volquez	SD	SP	348	189	399	286.3	67	308	 				
Jeff Keppinger	CWS	1B	2B	3B	DH	349	260	396	296.2	35.9	279	 	
A.J. Ellis	LAD	C	350	249	385	302.8	44.3	321	 				
Ervin Santana	KC	SP	351	137	371	304.9	60.1	323	 				
Chris Capuano	LAD	SP	352	184	375	295.9	54	289	 				
Justin Masterson	CLE	SP	353	192	378	306.6	53	301	 				
Jose Valverde	DET	RP	354	192	437	276.4	86.9	296	 				
Sean Doolittle	OAK	RP	355	216	444	300.4	72.5	NR 	 				
Andy Dirks	DET	LF	RF	CF	356	217	402	302	48.6	368	 		
Joel Peralta	TB	RP	357	117	471	276.7	146.6	NR 	 				
Billy Hamilton	CIN	SS	358	227	380	296.1	50.4	318	 				
Joaquin Benoit	DET	RP	359	181	407	295.2	84	346	 				
Travis d'Arnaud	NYM	C	360	227	353	303.6	37.8	327	 				
Wilson Ramos	WSH	C	361	178	423	293.4	71.2	409	 				
Chris Johnson	ATL	3B	362	180	335	282.1	48.3	374	 				
Ivan Nova	NYY	SP	363	252	343	288	22.3	304	 				
Jonny Venters	ATL	RP	364	203	392	306	62.1	331	 				
Lucas Duda	NYM	LF	RF	365	229	362	311.7	43.4	389	 			
Chris Iannetta	LAA	C	366	249	401	310.9	44.1	403	 				
Koji Uehara	BOS	RP	367	188	440	296	101.5	NR 	 				
Drew Smyly	DET	SP	RP	368	210	426	305.6	71.4	394	 			
Tyler Flowers	CWS	C	369	252	422	316.6	45.3	342	 				
Will Venable	SD	LF	CF	RF	370	227	389	304.5	50.7	410	 		
Jemile Weeks	OAK	2B	371	240	401	306.4	36.7	NR 	 				
Justin Maxwell	HOU	LF	CF	RF	372	234	373	311.7	44.6	397	 		
Yasmani Grandal	SD	C	373	227	354	302.4	39.8	386	 				
Michael Pineda	NYY	SP	374	216	415	316.7	77.7	376	 				
Bronson Arroyo	CIN	SP	375	225	472	315.1	57.8	329	 				
Luke Gregerson	SD	RP	376	241	462	310.6	57.8	334	 				
Rajai Davis	TOR	LF	CF	RF	377	253	451	305.9	54.9	317	 		
David Hernandez	ARI	RP	378	184	416	303.5	72.9	350	 				
Al Alburquerque	DET	RP	379	216	440	310	64.9	373	 				
Derek Norris	OAK	C	380	227	473	304.5	79.6	NR 	 				
Nolan Reimold	BAL	LF	381	207	427	331.9	75.4	NR 	 				
Wily Peralta	MIL	SP	382	204	433	310.6	80.6	407	 				
Welington Castillo	CHC	C	383	261	430	312.8	54.3	404	 				
Tyler Greene	HOU	2B	SS	384	238	423	320.2	78.7	NR 	 			
Ross Detwiler	WSH	SP	RP	385	244	458	319.5	55.9	300	 			
Steve Lombardozzi	WSH	2B	3B	LF	386	227	247	237	10	NR 	 		
Brandon Beachy	ATL	SP	387	221	375	311.9	36.6	313	 				
Juan Francisco	ATL	3B	388	237	367	316.1	48.2	NR 	 				
Francisco Liriano	PIT	SP	RP	389	227	445	324.3	63.6	NR 	 			
Aaron Harang	LAD	SP	390	181	386	283.5	102.5	NR 	 				
Octavio Dotel	DET	RP	391	183	438	350	92.6	NR 	 				
John Mayberry	PHI	1B	LF	CF	392	243	412	299.8	59	NR 	 		
Darren O'Day	BAL	RP	393	195	396	295.7	82.1	NR 	 				
Antonio Bastardo	PHI	RP	394	210	445	312	98.4	NR 	 				
Wilton Lopez	COL	RP	395	223	441	310.7	94	NR 	 				
Travis Hafner	NYY	DH	396	206	423	331	77.8	NR 	 				
Gerardo Parra	ARI	LF	CF	RF	397	230	414	333.1	57.3	NR 	 		
Mike Olt	TEX	1B	398	204	560	350.9	89.3	NR 	 				
Brett Wallace	HOU	1B	3B	399	224	341	295	37	NR 	 			
Chris Nelson	COL	2B	3B	400	252	374	319	38.6	377	 			
Rob Brantly	MIA	C	401	250	475	336.9	72.3	402	 				
Pete Kozma	STL	SS	402	224	486	329.7	112.8	NR 	 				
Steve Delabar	TOR	RP	403	232	439	314.7	89.5	NR 	 				
Trevor Rosenthal	STL	RP	404	244	394	321.8	54.5	361	 				
Delmon Young	PHI	LF	DH	405	227	383	334.7	42.4	352	 			
Eric O'Flaherty	ATL	RP	406	237	405	303.7	72.8	351	 				
Raul Ibanez	SEA	LF	RF	DH	407	209	343	283.3	55.7	396	 		
Scott Baker	CHC	SP	408	245	418	312	56	NR 	 				
Jordan Pacheco	COL	C	1B	3B	409	254	371	326.3	46.8	364	 		
Jesse Crain	CWS	RP	410	208	312	260	52	NR 	 				
Dylan Bundy	BAL	RP	411	227	398	323.3	58.8	330	 				
Matt Dominguez	HOU	3B	412	227	326	291	40.1	NR 	 				
Brian Roberts	BAL	2B	413	239	475	334.3	64.3	312	 				
Alberto Callaspo	LAA	3B	414	227	398	311.8	62.6	400	 				
Sam LeCure	CIN	RP	415	237	284	260.5	23.5	NR 	 				
Darren Oliver	TOR	RP	416	222	337	279.5	57.5	NR 	 				
Jeff Francoeur	KC	RF	417	250	377	321.6	37.6	399	 				
Miguel Gonzalez	BAL	SP	418	278	441	324	44.7	360	 				
Colby Lewis	TEX	SP	419	227	397	335.2	58.8	NR 	 				
Bartolo Colon	OAK	SP	420	230	437	339	81.6	NR 	 				
Carlos Lee	MIA	1B	421	258	267	262.5	4.5	NR 	 				
Jordany Valdespin	NYM	2B	LF	CF	RF	422	226	484	355.4	93.8	NR 	 	
Juan Nicasio	COL	SP	423	226	465	371.2	89	NR 	 				
Scott Hairston	CHC	LF	CF	RF	424	227	436	348.3	87.9	NR 	 		
Francisco Rodriguez	MIL	RP	425	227	419	321	78.4	NR 	 				
Carlos Villanueva	CHC	SP	RP	426	227	416	326.4	60.9	NR 	 			
Robbie Ross	TEX	RP	427	227	414	335	79	NR 	 				
Darin Ruf	PHI	LF	428	227	403	336.5	70.6	NR 	 				
Brandon Guyer	TB	LF	RF	429	227	383	305	78	NR 	 			
Jeff Karstens	PIT	SP	430	227	377	307.7	61.8	NR 	 				
Todd Helton	COL	1B	431	227	374	304	60.2	NR 	 				
Josh Edgin	NYM	RP	432	227	364	295.5	68.5	NR 	 				
Casey Fien	MIN	RP	433	227	361	294	67	NR 	 				
Jeremy Horst	PHI	RP	434	227	353	290	63	NR 	 				
Roy Oswalt	TEX	SP	RP	435	227	350	288.5	61.5	NR 	 			
Luis Avilan	ATL	P	436	227	335	281	54	NR 	 				
Nick Vincent	SD	P	437	227	303	265	38	NR 	 				
Donnie Veal	CWS	RP	438	227	302	264.5	37.5	NR 	 				
Dee Gordon	LAD	SS	439	269	368	311.7	26.2	369	 				
Joe Smith	CLE	RP	440	238	360	297	49.9	NR 	 				
Edward Mujica	STL	RP	441	233	351	292	59	NR 	 				
Kurt Suzuki	WSH	C	442	263	417	335.4	45.7	383	 				
Tim Collins	KC	RP	443	234	367	300.5	66.5	NR 	 				
Mike Leake	CIN	SP	444	236	314	275	39	NR 	 				
Santiago Casilla	SF	RP	445	239	373	334	49.5	387	 				
Chris Parmelee	MIN	1B	RF	446	270	453	340.3	67.2	NR 	 			
Ted Lilly	LAD	SP	447	238	412	349.8	69.5	NR 	 				
Placido Polanco	MIA	3B	448	239	377	333.8	50.7	NR 	 				
Ruben Tejada	NYM	SS	449	255	415	337.5	44.5	NR 	 				
Maicer Izturis	TOR	2B	3B	SS	450	240	417	328.5	88.5	371	 		
Mark Rogers	MIL	SP	451	253	299	281.3	20.2	NR 	 				
Jonny Gomes	BOS	LF	DH	452	243	374	343.8	46.1	NR 	 			
Jamey Carroll	MIN	2B	3B	SS	453	244	413	328.5	84.5	NR 	 		
Wilson Betemit	BAL	1B	3B	LF	454	254	292	273	19	NR 	 		
Rick Porcello	DET	SP	455	264	447	334.3	68.7	355	 				
Cory Luebke	SD	SP	456	260	420	334.7	51.1	NR 	 				
David DeJesus	CHC	CF	RF	LF	457	252	455	343.8	77	NR 	 		
Aaron Crow	KC	RP	458	250	379	325.3	54.8	NR 	 				
Mike Adams	PHI	RP	459	251	382	324	54.5	NR 	 				
Junichi Tazawa	BOS	RP	460	260	426	345.8	61	NR 	 				
Rafael Furcal	STL	SS	461	265	377	323	33.1	NR 	 				
Donovan Solano	MIA	2B	3B	LF	462	260	351	315	28.2	NR 	 		
Jacob Turner	MIA	SP	463	262	396	343.7	41.6	NR 	 				
Clayton Richard	SD	SP	464	259	469	366.8	73	366	 				
Jordan Walden	ATL	RP	465	261	334	297.5	36.5	NR 	 				
Jason Castro	HOU	C	466	264	402	347	55.5	406	 				
Ian Stewart	CHC	3B	467	273	473	347.8	78.1	NR 	 				
James Loney	TB	1B	468	266	450	358	92	NR 	 				
Kelvin Herrera	KC	RP	469	276	405	329.1	38.5	NR 	 				
Phil Coke	DET	RP	470	272	425	359	62.7	NR 	 				
Seth Smith	OAK	LF	RF	DH	471	269	431	369	60.3	NR 	 		
John Buck	NYM	C	472	271	400	335.5	64.5	NR 	 				
Joe Blanton	LAA	SP	473	272	459	365	68.8	NR 	 				
Josh Donaldson	OAK	3B	474	272	384	340.7	49.1	408	 				
Boone Logan	NYY	RP	475	272	376	324	52	NR 	 				
Travis Snider	PIT	LF	RF	476	273	464	386.4	60.4	NR 	 			
Brad Ziegler	ARI	RP	477	273	356	314.5	41.5	NR 	 				
Matt Thornton	CWS	RP	478	274	382	339.7	47.1	NR 	 				
Jim Henderson	MIL	RP	479	274	323	298.5	24.5	NR 	 				
Jackie Bradley	BOS	CF	480	274	317	298	17.9	393	 				
Daniel Hudson	ARI	SP	481	275	424	349.8	48	NR 	 				
Gregor Blanco	SF	LF	CF	RF	482	276	430	365.4	46.9	NR 	 		
Tyler Skaggs	ARI	SP	483	284	463	341.5	51.9	NR 	 				
Vernon Wells	LAA	LF	CF	484	278	486	382	104	NR 	 			
Troy Patton	BAL	RP	485	279	322	300.5	21.5	NR 	 				
Nate Schierholtz	CHC	CF	RF	486	282	460	360	59	NR 	 			
Patrick Corbin	ARI	SP	RP	487	285	434	338	68	NR 	 			
Andrew Bailey	BOS	RP	488	287	469	346.6	59.8	365	 				
Kyle Kendrick	PHI	SP	RP	489	290	466	357.8	69.9	NR 	 			
Mark Ellis	LAD	2B	490	280	409	356.5	49.1	NR 	 				
Lucas Harrell	HOU	SP	491	282	363	322.5	40.5	NR 	 				
Brett Myers	CLE	RP	492	284	406	340.8	40.8	401	 				
Mark Melancon	PIT	RP	493	292	348	309.8	22.8	NR 	 				
Ronald Belisario		RP	494	285	307	296	11	NR 	 				
Cliff Pennington	ARI	2B	SS	495	286	369	329	31.5	NR 	 			
Jhoulys Chacin	COL	SP	496	292	431	342.8	49.8	NR 	 				
J.D. Martinez	HOU	LF	497	286	451	368.3	58.5	NR 	 				
Brandon Crawford	SF	SS	498	286	437	382.8	57.7	NR 	 				
Ricky Nolasco	MIA	SP	499	290	436	347.9	45.6	NR 	 				
George Kontos	SF	RP	500	290	342	316	26	NR 	 				
Henderson Alvarez	MIA	SP	501	291	394	348.8	44.1	NR 	 				
Franklin Gutierrez	SEA	CF	502	291	393	357.6	35.9	NR 	 				
Alex Presley	PIT	LF	RF	CF	503	294	435	364.5	70.5	NR 	 		
Nate McLouth	BAL	LF	CF	504	294	429	365.8	48.4	NR 	 			
Charlie Furbush	SEA	RP	505	295	359	327	32	NR 	 				
Jose Quintana	CWS	SP	506	296	418	358.5	53.2	NR 	 				
Mike Aviles	CLE	SS	507	297	413	347.9	33.3	367	 				
Nathan Eovaldi	MIA	SP	508	298	445	351.3	66.4	NR 	 				
Brian Dozier	MIN	SS	509	299	479	404	69	NR 	 				
Adeiny Hechavarria	MIA	2B	3B	SS	510	300	378	352.5	30.7	NR 	 		
Mike Carp	SEA	1B	LF	511	301	417	371.8	43	NR 	 			
Cristhian Martinez	ATL	RP	512	302	378	340	38	NR 	 				
Daniel Descalso	STL	2B	3B	SS	513	303	477	403.3	73.5	NR 	 		
Jorge De La Rosa	COL	SP	514	304	386	343.7	33.5	NR 	 				
Scott Diamond	MIN	SP	515	307	464	397.5	57	358	 				
Sean Burnett	LAA	RP	516	307	336	321.5	14.5	NR 	 				
Johnny Giavotella	KC	2B	517	308	515	379	65	NR 	 				
Jared Burton	MIN	RP	518	308	425	367	47.8	NR 	 				
Wesley Wright	HOU	RP	519	308	354	331	23	NR 	 				
Wade LeBlanc	MIA	SP	RP	520	312	419	365.5	53.5	NR 	 			
Ty Wigginton	STL	1B	3B	LF	521	313	410	361.5	48.5	NR 	 		
Logan Forsythe	SD	2B	522	313	374	347.3	17.7	NR 	 				
Ryan Roberts	TB	2B	3B	523	314	438	381.5	46.6	NR 	 			
Jeremy Guthrie	KC	SP	524	315	410	362.5	47.5	NR 	 				
Darwin Barney	CHC	2B	525	318	381	343	20.2	353	 				
Matt Belisle	COL	RP	526	328	474	393	60.7	NR 	 				
Brennan Boesch	DET	RF	527	331	448	390.4	48.4	NR 	 				
Nick Evans	LAD	1B	528	332	337	334.5	2.5	NR 	 				
Ubaldo Jimenez	CLE	SP	529	333	422	366	33.6	343	 				
Gerrit Cole	PIT	SP	530	337	461	385.7	54	363	 				
Josh Vitters	CHC	3B	531	338	557	427	94	NR 	 				
Brayan Villarreal	DET	RP	532	339	381	360	21	NR 	 				
Josh Collmenter	ARI	SP	RP	533	342	355	348.5	6.5	NR 	 			
Erik Bedard	HOU	SP	534	343	365	354	11	NR 	 				
Cesar Ramos	TB	RP	535	348	380	364	16	NR 	 				
Scott Downs	LAA	RP	536	349	375	362	13	NR 	 				
Mike Baxter	NYM	LF	RF	537	350	476	413	63	NR 	 			
Collin Cowgill	NYM	LF	CF	RF	538	353	546	447	78.9	NR 	 		
Zack Wheeler	NYM	SP	539	359	468	403	46.9	NR 	 				
Pedro Ciriaco	BOS	2B	3B	SS	540	365	417	385.3	20.9	NR 	 		
Kirk Nieuwenhuis	NYM	LF	CF	RF	541	370	450	426.8	32.9	NR 	 		
Chris Archer	TB	SP	542	372	428	389.5	22.7	NR 	 				
John Danks	CWS	SP	543	372	403	391.6	11	NR 	 				
Devin Mesoraco	CIN	C	544	386	524	435.7	62.6	NR 	 				
Chris Heisey	CIN	LF	CF	RF	545	389	449	418.3	24.5	NR 	 		
Tony Campana	CHC	LF	CF	546	400	509	445.3	46.3	NR 	 			
Roger Bernadina	WSH	LF	CF	547	405	470	437.5	32.5	NR 	 			
Jose Tabata	PIT	LF	RF	548	419	428	423.5	4.5	NR 	 			
Jason Bay	SEA	LF	549	420	483	451.5	31.5	NR 	 				
Sean Rodriguez	TB	2B	3B	SS	550	420	435	427.5	7.5	NR 	 		
Jerry Hairston Jr.	LAD	2B	3B	LF	551	424	462	443	19	NR 	 		
Eric Young	COL	LF	CF	RF	552	432	466	448.7	13.9	NR 	 		
Andres Torres	SF	CF	553	441	463	452	11	NR 	 				
Craig Gentry	TEX	CF	LF	554	449	468	458	7.8	NR 	 			
Geovany Soto	TEX	C	555	454	500	477	23	NR 	 				
